Comment,Designator,Footprint,LCSC Part #
,5V1,1X02,
,5V2,1X02,
,IMU,MA03-2,
,REAR-MOTOR,MA04-1,
,RC,MA04-2,
,ROSC,R0402,
2060-452_998-404,FRT_MTR PWR_IN REAR_PWR,2060452998404,
3220-10-0100-00,FRT_ENCODE,CONN_3220-10-0100-00_CNC,
ABX00012,U2,ARDUINO_ABX00012,
CL03A105MQ3CSNC,R-PWM-C,CAP_CL03_SAM,
CL05A105KP5NNNC,C1 C2,CAPC1005X55N,
CL05B104KB54PNC,CVM2,CAP_CL_05_SAM,
ERJ1GNF6802C,PWM,RES_ERJ1GNF6802C,
GRM022R71A271KA01L,COSC,CAPC0402X22N,
NID100-5,PS1,CONV_NID100-5,
RLP73K3AR22FTDF,RRS RRS1,RESC6331X70N,
TB67H401FTG(O EL),U1,P-VQFN48-0707-0P50-004_TOS,
UVY1H102MHD,CMV1,CAP_12.5_X_25_NCH,
Ï€121U31,ISO_1 ISO_2,SO08,
